{"cameraMode":{"drawMode":0,"name":"Shaded","section":"Shading Mode"},"sceneLighting":true,"audioPlay":false,"sceneViewState":{"m_AlwaysRefresh":false,"showFog":true,"showSkybox":true,"showFlares":true,"showImageEffects":true,"showParticleSystems":true,"showVisualEffectGraphs":true,"m_FxEnabled":true},"in2DMode":false,"pivot":{"x":-1.996423363685608,"y":-12.590932846069336,"z":-32.613121032714847},"rotation":{"x":-0.008973050862550736,"y":0.9810197949409485,"z":-0.18796707689762116,"w":-0.04682982712984085},"size":33.392723083496097,"orthographic":false}